,suite_name,suite_id,exp_name,run,rep,host_type,host_idx,factor_columns,source_file,cmd,cpsnark,model,num_verifier_reps,pc_type,$CMD$.small,Prover time,Verifier time,Proof size,$CMD$.medium,$CMD$.large,file,error
0,model-small,1725369940,exp_ipa,2,0,small,0,"['model', 'cpsnark']",output.csv,/home/ubuntu/doe-suite/osiris_nku/model-small/code/src/bin/test.zsh mnist ipa poly 5 /home/ubuntu/doe-suite/osiris_nku/model-small/code,poly,mnist,5,ipa,[{'main': '/home/ubuntu/doe-suite/osiris_nku/model-small/code/src/bin/test.zsh mnist ipa poly 5 /home/ubuntu/doe-suite/osiris_nku/model-small/code'}],6.022666297s,"[148.656523ms, 147.177963ms, 154.658537ms, 147.170202ms, 147.414753ms]",10880,,,,
1,model-small,1725369940,exp_ipa,5,0,small,0,"['model', 'cpsnark']",output.csv,/home/ubuntu/doe-suite/osiris_nku/model-small/code/src/bin/test.zsh resnet18 ipa poly 5 /home/ubuntu/doe-suite/osiris_nku/model-small/code,poly,resnet18,5,ipa,[{'main': '/home/ubuntu/doe-suite/osiris_nku/model-small/code/src/bin/test.zsh resnet18 ipa poly 5 /home/ubuntu/doe-suite/osiris_nku/model-small/code'}],103.007184747s,"[1.717814917s, 1.71575122s, 1.747495618s, 1.716336907s, 1.716447425s]",16288,,,,
2,model-small,1725369940,exp_ipa,4,0,small,0,"['model', 'cpsnark']",output.csv,/home/ubuntu/doe-suite/osiris_nku/model-small/code/src/bin/test.zsh resnet18 ipa poseidon 5 /home/ubuntu/doe-suite/osiris_nku/model-small/code,poseidon,resnet18,5,ipa,[{'main': '/home/ubuntu/doe-suite/osiris_nku/model-small/code/src/bin/test.zsh resnet18 ipa poseidon 5 /home/ubuntu/doe-suite/osiris_nku/model-small/code'}],312.383796367s,"[731.071423ms, 728.060232ms, 728.39133ms, 729.895377ms, 728.791888ms]",17792,,,,
3,model-small,1725369940,exp_ipa,3,0,small,0,"['model', 'cpsnark']",output.csv,/home/ubuntu/doe-suite/osiris_nku/model-small/code/src/bin/test.zsh resnet18 ipa no_com 5 /home/ubuntu/doe-suite/osiris_nku/model-small/code,no_com,resnet18,5,ipa,[{'main': '/home/ubuntu/doe-suite/osiris_nku/model-small/code/src/bin/test.zsh resnet18 ipa no_com 5 /home/ubuntu/doe-suite/osiris_nku/model-small/code'}],89.120900631s,"[369.80975ms, 368.827738ms, 368.413482ms, 368.144385ms, 368.955206ms]",15872,,,,
4,model-small,1725369940,exp_ipa,6,0,small,0,"['model', 'cpsnark']",output.csv,/home/ubuntu/doe-suite/osiris_nku/model-small/code/src/bin/test.zsh dlrm ipa no_com 5 /home/ubuntu/doe-suite/osiris_nku/model-small/code,no_com,dlrm,5,ipa,[{'main': '/home/ubuntu/doe-suite/osiris_nku/model-small/code/src/bin/test.zsh dlrm ipa no_com 5 /home/ubuntu/doe-suite/osiris_nku/model-small/code'}],39.803228983s,"[338.393993ms, 415.11874ms, 337.59399ms, 337.1918ms, 337.661721ms]",6688,,,,
5,model-small,1725369940,exp_ipa,1,0,small,0,"['model', 'cpsnark']",output.csv,/home/ubuntu/doe-suite/osiris_nku/model-small/code/src/bin/test.zsh mnist ipa poseidon 5 /home/ubuntu/doe-suite/osiris_nku/model-small/code,poseidon,mnist,5,ipa,[{'main': '/home/ubuntu/doe-suite/osiris_nku/model-small/code/src/bin/test.zsh mnist ipa poseidon 5 /home/ubuntu/doe-suite/osiris_nku/model-small/code'}],88.49400642s,"[382.49435ms, 375.225044ms, 375.189692ms, 374.787965ms, 383.349429ms]",13664,,,,
6,model-small,1725369940,exp_ipa,8,0,small,0,"['model', 'cpsnark']",output.csv,/home/ubuntu/doe-suite/osiris_nku/model-small/code/src/bin/test.zsh dlrm ipa poly 5 /home/ubuntu/doe-suite/osiris_nku/model-small/code,poly,dlrm,5,ipa,[{'main': '/home/ubuntu/doe-suite/osiris_nku/model-small/code/src/bin/test.zsh dlrm ipa poly 5 /home/ubuntu/doe-suite/osiris_nku/model-small/code'}],65.23301315s,"[2.875807438s, 2.882019086s, 2.873171151s, 2.875271951s, 2.874283097s]",7232,,,,
7,model-small,1725369940,exp_ipa,0,0,small,0,"['model', 'cpsnark']",output.csv,/home/ubuntu/doe-suite/osiris_nku/model-small/code/src/bin/test.zsh mnist ipa no_com 5 /home/ubuntu/doe-suite/osiris_nku/model-small/code,no_com,mnist,5,ipa,[{'main': '/home/ubuntu/doe-suite/osiris_nku/model-small/code/src/bin/test.zsh mnist ipa no_com 5 /home/ubuntu/doe-suite/osiris_nku/model-small/code'}],5.147709945s,"[35.978961ms, 35.659059ms, 35.511304ms, 35.500026ms, 35.472166ms]",10464,,,,
8,model-small,1725369940,exp_ipa,7,0,small,0,"['model', 'cpsnark']",output.csv,/home/ubuntu/doe-suite/osiris_nku/model-small/code/src/bin/test.zsh dlrm ipa poseidon 5 /home/ubuntu/doe-suite/osiris_nku/model-small/code,poseidon,dlrm,5,ipa,[{'main': '/home/ubuntu/doe-suite/osiris_nku/model-small/code/src/bin/test.zsh dlrm ipa poseidon 5 /home/ubuntu/doe-suite/osiris_nku/model-small/code'}],435.667326477s,"[1.442821119s, 1.43831691s, 1.43831108s, 1.439239038s, 1.438648736s]",11232,,,,
0,model-small,1725369940,exp_kzg,2,0,small,0,"['model', 'cpsnark']",output.csv,/home/ubuntu/doe-suite/osiris_nku/model-small/code/src/bin/test.zsh mnist kzg poseidon 5 /home/ubuntu/doe-suite/osiris_nku/model-small/code,poseidon,mnist,5,kzg,[{'main': '/home/ubuntu/doe-suite/osiris_nku/model-small/code/src/bin/test.zsh mnist kzg poseidon 5 /home/ubuntu/doe-suite/osiris_nku/model-small/code'}],97.034192883s,"[8.845411ms, 8.956109ms, 8.584166ms, 8.66962ms, 8.504569ms]",12192,,,,
1,model-small,1725369940,exp_kzg,5,0,small,0,"['model', 'cpsnark']",output.csv,/home/ubuntu/doe-suite/osiris_nku/model-small/code/src/bin/test.zsh resnet18 kzg cp_link+ 5 /home/ubuntu/doe-suite/osiris_nku/model-small/code,cp_link+,resnet18,5,kzg,[{'main': '/home/ubuntu/doe-suite/osiris_nku/model-small/code/src/bin/test.zsh resnet18 kzg cp_link+ 5 /home/ubuntu/doe-suite/osiris_nku/model-small/code'}],99.529427251s,"[18.160056ms, 17.996121ms, 18.601599ms, 17.689179ms, 18.246337ms]",14528,,,,
2,model-small,1725369940,exp_kzg,4,0,small,0,"['model', 'cpsnark']",output.csv,/home/ubuntu/doe-suite/osiris_nku/model-small/code/src/bin/test.zsh resnet18 kzg no_com 5 /home/ubuntu/doe-suite/osiris_nku/model-small/code,no_com,resnet18,5,kzg,[{'main': '/home/ubuntu/doe-suite/osiris_nku/model-small/code/src/bin/test.zsh resnet18 kzg no_com 5 /home/ubuntu/doe-suite/osiris_nku/model-small/code'}],98.315834755s,"[9.723271ms, 9.505469ms, 9.315144ms, 8.727365ms, 9.332829ms]",14432,,,,
3,model-small,1725369940,exp_kzg,3,0,small,0,"['model', 'cpsnark']",output.csv,/home/ubuntu/doe-suite/osiris_nku/model-small/code/src/bin/test.zsh mnist kzg poly 5 /home/ubuntu/doe-suite/osiris_nku/model-small/code,poly,mnist,5,kzg,[{'main': '/home/ubuntu/doe-suite/osiris_nku/model-small/code/src/bin/test.zsh mnist kzg poly 5 /home/ubuntu/doe-suite/osiris_nku/model-small/code'}],5.937644264s,"[8.26787ms, 8.204022ms, 7.545989ms, 8.091922ms, 7.480765ms]",9760,,,,
4,model-small,1725369940,exp_kzg,10,0,small,0,"['model', 'cpsnark']",output.csv,/home/ubuntu/doe-suite/osiris_nku/model-small/code/src/bin/test.zsh dlrm kzg poseidon 5 /home/ubuntu/doe-suite/osiris_nku/model-small/code,poseidon,dlrm,5,kzg,[{'main': '/home/ubuntu/doe-suite/osiris_nku/model-small/code/src/bin/test.zsh dlrm kzg poseidon 5 /home/ubuntu/doe-suite/osiris_nku/model-small/code'}],459.972478527s,"[8.281272ms, 8.144598ms, 7.545638ms, 7.962236ms, 8.00404ms]",9632,,,,
5,model-small,1725369940,exp_kzg,11,0,small,0,"['model', 'cpsnark']",output.csv,/home/ubuntu/doe-suite/osiris_nku/model-small/code/src/bin/test.zsh dlrm kzg poly 5 /home/ubuntu/doe-suite/osiris_nku/model-small/code,poly,dlrm,5,kzg,[{'main': '/home/ubuntu/doe-suite/osiris_nku/model-small/code/src/bin/test.zsh dlrm kzg poly 5 /home/ubuntu/doe-suite/osiris_nku/model-small/code'}],47.054157409s,"[6.215598ms, 6.203159ms, 6.094726ms, 6.237821ms, 6.322941ms]",5856,,,,
6,model-small,1725369940,exp_kzg,6,0,small,0,"['model', 'cpsnark']",output.csv,/home/ubuntu/doe-suite/osiris_nku/model-small/code/src/bin/test.zsh resnet18 kzg poseidon 5 /home/ubuntu/doe-suite/osiris_nku/model-small/code,poseidon,resnet18,5,kzg,[{'main': '/home/ubuntu/doe-suite/osiris_nku/model-small/code/src/bin/test.zsh resnet18 kzg poseidon 5 /home/ubuntu/doe-suite/osiris_nku/model-small/code'}],341.27126377s,"[10.171208ms, 10.034266ms, 10.177991ms, 9.890229ms, 10.55042ms]",16256,,,,
7,model-small,1725369940,exp_kzg,1,0,small,0,"['model', 'cpsnark']",output.csv,/home/ubuntu/doe-suite/osiris_nku/model-small/code/src/bin/test.zsh mnist kzg cp_link+ 5 /home/ubuntu/doe-suite/osiris_nku/model-small/code,cp_link+,mnist,5,kzg,[{'main': '/home/ubuntu/doe-suite/osiris_nku/model-small/code/src/bin/test.zsh mnist kzg cp_link+ 5 /home/ubuntu/doe-suite/osiris_nku/model-small/code'}],5.658096725s,"[16.102313ms, 15.98921ms, 16.180779ms, 16.021001ms, 15.933932ms]",9504,,,,
8,model-small,1725369940,exp_kzg,8,0,small,0,"['model', 'cpsnark']",output.csv,/home/ubuntu/doe-suite/osiris_nku/model-small/code/src/bin/test.zsh dlrm kzg no_com 5 /home/ubuntu/doe-suite/osiris_nku/model-small/code,no_com,dlrm,5,kzg,[{'main': '/home/ubuntu/doe-suite/osiris_nku/model-small/code/src/bin/test.zsh dlrm kzg no_com 5 /home/ubuntu/doe-suite/osiris_nku/model-small/code'}],40.477266685s,"[6.037466ms, 5.840698ms, 6.042798ms, 5.879582ms, 5.852277ms]",5248,,,,
9,model-small,1725369940,exp_kzg,9,0,small,0,"['model', 'cpsnark']",output.csv,/home/ubuntu/doe-suite/osiris_nku/model-small/code/src/bin/test.zsh dlrm kzg cp_link+ 5 /home/ubuntu/doe-suite/osiris_nku/model-small/code,cp_link+,dlrm,5,kzg,[{'main': '/home/ubuntu/doe-suite/osiris_nku/model-small/code/src/bin/test.zsh dlrm kzg cp_link+ 5 /home/ubuntu/doe-suite/osiris_nku/model-small/code'}],47.710593296s,"[24.155506ms, 23.785028ms, 23.751258ms, 23.540162ms, 23.726427ms]",5568,,,,
10,model-small,1725369940,exp_kzg,0,0,small,0,"['model', 'cpsnark']",output.csv,/home/ubuntu/doe-suite/osiris_nku/model-small/code/src/bin/test.zsh mnist kzg no_com 5 /home/ubuntu/doe-suite/osiris_nku/model-small/code,no_com,mnist,5,kzg,[{'main': '/home/ubuntu/doe-suite/osiris_nku/model-small/code/src/bin/test.zsh mnist kzg no_com 5 /home/ubuntu/doe-suite/osiris_nku/model-small/code'}],5.601298037s,"[7.707331ms, 7.344007ms, 7.57897ms, 7.247078ms, 7.910276ms]",9280,,,,
11,model-small,1725369940,exp_kzg,7,0,small,0,"['model', 'cpsnark']",output.csv,/home/ubuntu/doe-suite/osiris_nku/model-small/code/src/bin/test.zsh resnet18 kzg poly 5 /home/ubuntu/doe-suite/osiris_nku/model-small/code,poly,resnet18,5,kzg,[{'main': '/home/ubuntu/doe-suite/osiris_nku/model-small/code/src/bin/test.zsh resnet18 kzg poly 5 /home/ubuntu/doe-suite/osiris_nku/model-small/code'}],102.30182586s,"[10.016835ms, 9.140858ms, 9.377383ms, 9.897331ms, 9.258253ms]",14912,,,,
0,model-mobilenet,1725371439,exp_ipa_mobilenet_poseidon,0,0,medium,0,[],output.csv,/home/ubuntu/doe-suite/osiris_nku/model-mobilenet/code/src/bin/test.zsh mobilenet ipa poseidon 5 /home/ubuntu/doe-suite/osiris_nku/model-mobilenet/code,poseidon,mobilenet,5,ipa,,4847.986192021s,"[7.004351781s, 6.969419376s, 7.178581779s, 6.980642653s, 7.024822845s]",23264,[{'main': '/home/ubuntu/doe-suite/osiris_nku/model-mobilenet/code/src/bin/test.zsh mobilenet ipa poseidon 5 /home/ubuntu/doe-suite/osiris_nku/model-mobilenet/code'}],,,
0,model-mobilenet,1725371439,exp_ipa_mobilenet_others,1,0,medium,0,['cpsnark'],output.csv,/home/ubuntu/doe-suite/osiris_nku/model-mobilenet/code/src/bin/test.zsh mobilenet ipa poly 5 /home/ubuntu/doe-suite/osiris_nku/model-mobilenet/code,poly,mobilenet,5,ipa,,1628.428873917s,"[14.835508162s, 14.765693535s, 14.735954311s, 14.82710435s, 14.725490985s]",19776,[{'main': '/home/ubuntu/doe-suite/osiris_nku/model-mobilenet/code/src/bin/test.zsh mobilenet ipa poly 5 /home/ubuntu/doe-suite/osiris_nku/model-mobilenet/code'}],,,
1,model-mobilenet,1725371439,exp_ipa_mobilenet_others,0,0,medium,0,['cpsnark'],output.csv,/home/ubuntu/doe-suite/osiris_nku/model-mobilenet/code/src/bin/test.zsh mobilenet ipa no_com 5 /home/ubuntu/doe-suite/osiris_nku/model-mobilenet/code,no_com,mobilenet,5,ipa,,1499.525448059s,"[3.568485496s, 3.553909194s, 3.557234114s, 3.554168756s, 3.55886572s]",19360,[{'main': '/home/ubuntu/doe-suite/osiris_nku/model-mobilenet/code/src/bin/test.zsh mobilenet ipa no_com 5 /home/ubuntu/doe-suite/osiris_nku/model-mobilenet/code'}],,,
0,model-mobilenet,1725371439,exp_kzg_mobilenet_poseidon,0,0,medium,0,[],output.csv,/home/ubuntu/doe-suite/osiris_nku/model-mobilenet/code/src/bin/test.zsh mobilenet kzg poseidon 5 /home/ubuntu/doe-suite/osiris_nku/model-mobilenet/code,poseidon,mobilenet,5,kzg,,4914.402142393s,"[19.099011ms, 17.274964ms, 17.389158ms, 17.304044ms, 18.42639ms]",21472,[{'main': '/home/ubuntu/doe-suite/osiris_nku/model-mobilenet/code/src/bin/test.zsh mobilenet kzg poseidon 5 /home/ubuntu/doe-suite/osiris_nku/model-mobilenet/code'}],,,
0,model-mobilenet,1725371439,exp_kzg_mobilenet_others,2,0,medium,0,['cpsnark'],output.csv,/home/ubuntu/doe-suite/osiris_nku/model-mobilenet/code/src/bin/test.zsh mobilenet kzg poly 5 /home/ubuntu/doe-suite/osiris_nku/model-mobilenet/code,poly,mobilenet,5,kzg,,1598.829372568s,"[17.458444ms, 15.517103ms, 17.124781ms, 16.431326ms, 16.774667ms]",18144,[{'main': '/home/ubuntu/doe-suite/osiris_nku/model-mobilenet/code/src/bin/test.zsh mobilenet kzg poly 5 /home/ubuntu/doe-suite/osiris_nku/model-mobilenet/code'}],,,
1,model-mobilenet,1725371439,exp_kzg_mobilenet_others,1,0,medium,0,['cpsnark'],output.csv,/home/ubuntu/doe-suite/osiris_nku/model-mobilenet/code/src/bin/test.zsh mobilenet kzg cp_link+ 5 /home/ubuntu/doe-suite/osiris_nku/model-mobilenet/code,cp_link+,mobilenet,5,kzg,,1522.790531322s,"[24.122057ms, 24.838023ms, 25.720654ms, 25.773478ms, 24.733207ms]",17760,[{'main': '/home/ubuntu/doe-suite/osiris_nku/model-mobilenet/code/src/bin/test.zsh mobilenet kzg cp_link+ 5 /home/ubuntu/doe-suite/osiris_nku/model-mobilenet/code'}],,,
2,model-mobilenet,1725371439,exp_kzg_mobilenet_others,0,0,medium,0,['cpsnark'],output.csv,/home/ubuntu/doe-suite/osiris_nku/model-mobilenet/code/src/bin/test.zsh mobilenet kzg no_com 5 /home/ubuntu/doe-suite/osiris_nku/model-mobilenet/code,no_com,mobilenet,5,kzg,,1514.588682766s,"[17.321427ms, 16.719277ms, 16.409957ms, 16.731832ms, 16.90699ms]",17664,[{'main': '/home/ubuntu/doe-suite/osiris_nku/model-mobilenet/code/src/bin/test.zsh mobilenet kzg no_com 5 /home/ubuntu/doe-suite/osiris_nku/model-mobilenet/code'}],,,
0,cplink,1725423229,exp_kzg_mobilenet_others,0,0,medium,0,['cpsnark'],output.csv,/home/ubuntu/doe-suite/osiris_nku/cplink/code/src/bin/test.zsh mobilenet kzg cp_link 5 /home/ubuntu/doe-suite/osiris_nku/cplink/code,cp_link,mobilenet,5,kzg,,8072.193707495s,"[2.990556075s, 2.989941842s, 2.989773613s, 2.990114212s, 2.989869549s]",17664,[{'main': '/home/ubuntu/doe-suite/osiris_nku/cplink/code/src/bin/test.zsh mobilenet kzg cp_link 5 /home/ubuntu/doe-suite/osiris_nku/cplink/code'}],,,
0,cplink,1725423229,exp_kzg_diffusion_cp_link,0,0,large,0,[],output.csv,/home/ubuntu/doe-suite/osiris_nku/cplink/code/src/bin/test.zsh diffusion kzg cp_link 5 /home/ubuntu/doe-suite/osiris_nku/cplink/code,cp_link,diffusion,5,kzg,,18413.075954764s,"[9.819481287s, 9.815798481s, 9.815709619s, 9.815392246s, 9.81669372s]",16288,,[{'main': '/home/ubuntu/doe-suite/osiris_nku/cplink/code/src/bin/test.zsh diffusion kzg cp_link 5 /home/ubuntu/doe-suite/osiris_nku/cplink/code'}],,
0,cplink,1725423229,exp_kzg,2,0,small,0,"['model', 'cpsnark']",output.csv,/home/ubuntu/doe-suite/osiris_nku/cplink/code/src/bin/test.zsh dlrm kzg cp_link 5 /home/ubuntu/doe-suite/osiris_nku/cplink/code,cp_link,dlrm,5,kzg,[{'main': '/home/ubuntu/doe-suite/osiris_nku/cplink/code/src/bin/test.zsh dlrm kzg cp_link 5 /home/ubuntu/doe-suite/osiris_nku/cplink/code'}],182.460153548s,"[149.725913ms, 149.641334ms, 149.567285ms, 149.401456ms, 149.459166ms]",3808,,,,
1,cplink,1725423229,exp_kzg,1,0,small,0,"['model', 'cpsnark']",output.csv,/home/ubuntu/doe-suite/osiris_nku/cplink/code/src/bin/test.zsh resnet18 kzg cp_link 5 /home/ubuntu/doe-suite/osiris_nku/cplink/code,cp_link,resnet18,5,kzg,[{'main': '/home/ubuntu/doe-suite/osiris_nku/cplink/code/src/bin/test.zsh resnet18 kzg cp_link 5 /home/ubuntu/doe-suite/osiris_nku/cplink/code'}],290.331166347s,"[132.325987ms, 132.092038ms, 131.450319ms, 132.095828ms, 131.424085ms]",14432,,,,
2,cplink,1725423229,exp_kzg,0,0,small,0,"['model', 'cpsnark']",output.csv,/home/ubuntu/doe-suite/osiris_nku/cplink/code/src/bin/test.zsh mnist kzg cp_link 5 /home/ubuntu/doe-suite/osiris_nku/cplink/code,cp_link,mnist,5,kzg,[{'main': '/home/ubuntu/doe-suite/osiris_nku/cplink/code/src/bin/test.zsh mnist kzg cp_link 5 /home/ubuntu/doe-suite/osiris_nku/cplink/code'}],37.493517555s,"[64.151156ms, 63.957985ms, 64.131341ms, 63.549663ms, 63.8112ms]",9280,,,,
0,cplink,1725423229,exp_kzg_gpt2_cp_link,0,0,large,0,[],stderr.log,/home/ubuntu/doe-suite/osiris_nku/cplink/code/src/bin/test.zsh gpt2 kzg cp_link 5 /home/ubuntu/doe-suite/osiris_nku/cplink/code,cp_link,gpt2,5,kzg,,,,,,[{'main': '/home/ubuntu/doe-suite/osiris_nku/cplink/code/src/bin/test.zsh gpt2 kzg cp_link 5 /home/ubuntu/doe-suite/osiris_nku/cplink/code'}],/Users/nikolaj4o/Desktop/rust_stuff/zkmlgpt/doe-suite-results/cplink_1725423229/exp_kzg_gpt2_cp_link/run_0/rep_0/large/host_0/stderr.log,missing expected file: output.csv
0,cplink,1725423229,exp_kzg_vgg_others,0,0,large,0,['cpsnark'],output.csv,/home/ubuntu/doe-suite/osiris_nku/cplink/code/src/bin/test.zsh vgg kzg cp_link 5 /home/ubuntu/doe-suite/osiris_nku/cplink/code,cp_link,vgg,5,kzg,,4561.018073829s,"[3.024037045s, 3.021772034s, 3.022052536s, 3.020209787s, 3.020815134s]",10624,,[{'main': '/home/ubuntu/doe-suite/osiris_nku/cplink/code/src/bin/test.zsh vgg kzg cp_link 5 /home/ubuntu/doe-suite/osiris_nku/cplink/code'}],,
0,model-vgg,1725388515,exp_kzg_vgg_others,2,0,large,0,['cpsnark'],output.csv,/home/ubuntu/doe-suite/osiris_nku/model-vgg/code/src/bin/test.zsh vgg kzg cp_link+ 5 /home/ubuntu/doe-suite/osiris_nku/model-vgg/code,cp_link+,vgg,5,kzg,,624.417130068s,"[48.301335ms, 46.428284ms, 48.77865ms, 47.842897ms, 48.511859ms]",16288,,[{'main': '/home/ubuntu/doe-suite/osiris_nku/model-vgg/code/src/bin/test.zsh vgg kzg cp_link+ 5 /home/ubuntu/doe-suite/osiris_nku/model-vgg/code'}],,
1,model-vgg,1725388515,exp_kzg_vgg_others,1,0,large,0,['cpsnark'],output.csv,/home/ubuntu/doe-suite/osiris_nku/model-vgg/code/src/bin/test.zsh vgg kzg poly 5 /home/ubuntu/doe-suite/osiris_nku/model-vgg/code,poly,vgg,5,kzg,,665.215431428s,"[15.831495ms, 13.245431ms, 13.201778ms, 12.590126ms, 13.163085ms]",16704,,[{'main': '/home/ubuntu/doe-suite/osiris_nku/model-vgg/code/src/bin/test.zsh vgg kzg poly 5 /home/ubuntu/doe-suite/osiris_nku/model-vgg/code'}],,
2,model-vgg,1725388515,exp_kzg_vgg_others,0,0,large,0,['cpsnark'],output.csv,/home/ubuntu/doe-suite/osiris_nku/model-vgg/code/src/bin/test.zsh vgg kzg no_com 5 /home/ubuntu/doe-suite/osiris_nku/model-vgg/code,no_com,vgg,5,kzg,,605.267291216s,"[11.759202ms, 12.685789ms, 11.78698ms, 12.625316ms, 10.886899ms]",15776,,[{'main': '/home/ubuntu/doe-suite/osiris_nku/model-vgg/code/src/bin/test.zsh vgg kzg no_com 5 /home/ubuntu/doe-suite/osiris_nku/model-vgg/code'}],,
0,model-vgg,1725388515,exp_kzg_vgg_poseidon,0,0,large,0,[],output.csv,/home/ubuntu/doe-suite/osiris_nku/model-vgg/code/src/bin/test.zsh vgg kzg poseidon 5 /home/ubuntu/doe-suite/osiris_nku/model-vgg/code,poseidon,vgg,5,kzg,,6951.271649913s,"[14.440595ms, 12.326181ms, 11.924905ms, 12.987676ms, 11.336506ms]",15392,,[{'main': '/home/ubuntu/doe-suite/osiris_nku/model-vgg/code/src/bin/test.zsh vgg kzg poseidon 5 /home/ubuntu/doe-suite/osiris_nku/model-vgg/code'}],,
0,model-vgg,1725388515,exp_ipa_vgg_others,1,0,large,0,['cpsnark'],output.csv,/home/ubuntu/doe-suite/osiris_nku/model-vgg/code/src/bin/test.zsh vgg ipa poly 5 /home/ubuntu/doe-suite/osiris_nku/model-vgg/code,poly,vgg,5,ipa,,854.19860133s,"[31.090742333s, 30.842331919s, 30.830101965s, 30.893345527s, 30.840990162s]",18272,,[{'main': '/home/ubuntu/doe-suite/osiris_nku/model-vgg/code/src/bin/test.zsh vgg ipa poly 5 /home/ubuntu/doe-suite/osiris_nku/model-vgg/code'}],,
1,model-vgg,1725388515,exp_ipa_vgg_others,0,0,large,0,['cpsnark'],output.csv,/home/ubuntu/doe-suite/osiris_nku/model-vgg/code/src/bin/test.zsh vgg ipa no_com 5 /home/ubuntu/doe-suite/osiris_nku/model-vgg/code,no_com,vgg,5,ipa,,616.857348966s,"[982.140543ms, 838.584608ms, 842.73535ms, 840.524292ms, 842.011519ms]",17408,,[{'main': '/home/ubuntu/doe-suite/osiris_nku/model-vgg/code/src/bin/test.zsh vgg ipa no_com 5 /home/ubuntu/doe-suite/osiris_nku/model-vgg/code'}],,
0,model-vgg,1725388515,exp_ipa_vgg_poseidon,0,0,large,0,[],output.csv,/home/ubuntu/doe-suite/osiris_nku/model-vgg/code/src/bin/test.zsh vgg ipa poseidon 5 /home/ubuntu/doe-suite/osiris_nku/model-vgg/code,poseidon,vgg,5,ipa,,7120.925729929s,"[11.18337754s, 9.398805587s, 9.430448636s, 9.396094112s, 9.407035274s]",17248,,[{'main': '/home/ubuntu/doe-suite/osiris_nku/model-vgg/code/src/bin/test.zsh vgg ipa poseidon 5 /home/ubuntu/doe-suite/osiris_nku/model-vgg/code'}],,
0,poly-ipa,1725483589,exp_poly_ipa_mobilenet,0,0,medium,0,[],output.csv,/home/ubuntu/doe-suite/osiris_nku/poly-ipa/code/src/bin/test.zsh mobilenet ipa poly 5 /home/ubuntu/doe-suite/osiris_nku/poly-ipa/code,poly,mobilenet,5,ipa,,1606.736370482s,"[3.681064499s, 3.664668565s, 3.670877038s, 3.663124285s, 3.668998048s]",21408,[{'main': '/home/ubuntu/doe-suite/osiris_nku/poly-ipa/code/src/bin/test.zsh mobilenet ipa poly 5 /home/ubuntu/doe-suite/osiris_nku/poly-ipa/code'}],,,
0,poly-ipa,1725483589,exp_poly_ipa_diffusion,0,0,large,0,[],output.csv,/home/ubuntu/doe-suite/osiris_nku/poly-ipa/code/src/bin/test.zsh diffusion ipa poly 5 /home/ubuntu/doe-suite/osiris_nku/poly-ipa/code,poly,diffusion,5,ipa,,6127.776357804s,"[5.932462881s, 5.673616071s, 6.075909876s, 6.112000632s, 5.658704332s]",36416,,[{'main': '/home/ubuntu/doe-suite/osiris_nku/poly-ipa/code/src/bin/test.zsh diffusion ipa poly 5 /home/ubuntu/doe-suite/osiris_nku/poly-ipa/code'}],,
0,poly-ipa,1725483589,exp_poly_ipa_vgg,0,0,large,0,[],output.csv,/home/ubuntu/doe-suite/osiris_nku/poly-ipa/code/src/bin/test.zsh vgg ipa poly 5 /home/ubuntu/doe-suite/osiris_nku/poly-ipa/code,poly,vgg,5,ipa,,745.347805093s,"[1.135460403s, 1.040067244s, 1.032822277s, 1.018560366s, 1.016245554s]",19968,,[{'main': '/home/ubuntu/doe-suite/osiris_nku/poly-ipa/code/src/bin/test.zsh vgg ipa poly 5 /home/ubuntu/doe-suite/osiris_nku/poly-ipa/code'}],,
0,poly-ipa,1725483589,exp_poly_ipa_small,2,0,small,0,['model'],output.csv,/home/ubuntu/doe-suite/osiris_nku/poly-ipa/code/src/bin/test.zsh dlrm ipa poly 5 /home/ubuntu/doe-suite/osiris_nku/poly-ipa/code,poly,dlrm,5,ipa,[{'main': '/home/ubuntu/doe-suite/osiris_nku/poly-ipa/code/src/bin/test.zsh dlrm ipa poly 5 /home/ubuntu/doe-suite/osiris_nku/poly-ipa/code'}],56.69186027s,"[343.883491ms, 343.405924ms, 343.010625ms, 342.894939ms, 342.926401ms]",8672,,,,
1,poly-ipa,1725483589,exp_poly_ipa_small,1,0,small,0,['model'],output.csv,/home/ubuntu/doe-suite/osiris_nku/poly-ipa/code/src/bin/test.zsh resnet18 ipa poly 5 /home/ubuntu/doe-suite/osiris_nku/poly-ipa/code,poly,resnet18,5,ipa,[{'main': '/home/ubuntu/doe-suite/osiris_nku/poly-ipa/code/src/bin/test.zsh resnet18 ipa poly 5 /home/ubuntu/doe-suite/osiris_nku/poly-ipa/code'}],98.349172355s,"[380.750568ms, 372.774431ms, 372.232369ms, 371.830775ms, 371.626323ms]",17664,,,,
2,poly-ipa,1725483589,exp_poly_ipa_small,0,0,small,0,['model'],output.csv,/home/ubuntu/doe-suite/osiris_nku/poly-ipa/code/src/bin/test.zsh mnist ipa poly 5 /home/ubuntu/doe-suite/osiris_nku/poly-ipa/code,poly,mnist,5,ipa,[{'main': '/home/ubuntu/doe-suite/osiris_nku/poly-ipa/code/src/bin/test.zsh mnist ipa poly 5 /home/ubuntu/doe-suite/osiris_nku/poly-ipa/code'}],5.809832252s,"[37.554643ms, 37.104311ms, 37.107042ms, 36.941603ms, 37.077349ms]",12000,,,,
0,model-diffusion,1725448679,exp_kzg_poly,0,0,large,0,[],output.csv,/home/ubuntu/doe-suite/osiris_nku/model-diffusion/code/src/bin/test.zsh diffusion kzg poly 5 /home/ubuntu/doe-suite/osiris_nku/model-diffusion/code,poly,diffusion,5,kzg,,5896.080162711s,"[91.275778ms, 83.611422ms, 85.822197ms, 84.12131ms, 85.82477ms]",32960,,[{'main': '/home/ubuntu/doe-suite/osiris_nku/model-diffusion/code/src/bin/test.zsh diffusion kzg poly 5 /home/ubuntu/doe-suite/osiris_nku/model-diffusion/code'}],,
0,model-diffusion,1725448679,exp_ipa_poly,0,0,large,0,[],output.csv,/home/ubuntu/doe-suite/osiris_nku/model-diffusion/code/src/bin/test.zsh diffusion ipa poly 5 /home/ubuntu/doe-suite/osiris_nku/model-diffusion/code,poly,diffusion,5,ipa,,6338.011268177s,"[5.287661906s, 4.851746246s, 4.930912443s, 4.87489851s, 4.934461844s]",36480,,[{'main': '/home/ubuntu/doe-suite/osiris_nku/model-diffusion/code/src/bin/test.zsh diffusion ipa poly 5 /home/ubuntu/doe-suite/osiris_nku/model-diffusion/code'}],,
0,model-diffusion,1725448679,exp_kzg_cp_link_plus,0,0,large,0,[],output.csv,/home/ubuntu/doe-suite/osiris_nku/model-diffusion/code/src/bin/test.zsh diffusion kzg cp_link+ 5 /home/ubuntu/doe-suite/osiris_nku/model-diffusion/code,cp_link+,diffusion,5,kzg,,6039.231745053s,"[105.220145ms, 103.334902ms, 101.771053ms, 101.896243ms, 100.284695ms]",32544,,[{'main': '/home/ubuntu/doe-suite/osiris_nku/model-diffusion/code/src/bin/test.zsh diffusion kzg cp_link+ 5 /home/ubuntu/doe-suite/osiris_nku/model-diffusion/code'}],,
0,model-diffusion,1725448679,exp_kzg_no_com,0,0,large,0,[],output.csv,/home/ubuntu/doe-suite/osiris_nku/model-diffusion/code/src/bin/test.zsh diffusion kzg no_com 5 /home/ubuntu/doe-suite/osiris_nku/model-diffusion/code,no_com,diffusion,5,kzg,,5750.414414587s,"[87.236487ms, 83.063168ms, 83.183176ms, 83.418422ms, 83.322792ms]",32352,,[{'main': '/home/ubuntu/doe-suite/osiris_nku/model-diffusion/code/src/bin/test.zsh diffusion kzg no_com 5 /home/ubuntu/doe-suite/osiris_nku/model-diffusion/code'}],,
0,model-diffusion,1725448679,exp_ipa_no_com,0,0,large,0,[],output.csv,/home/ubuntu/doe-suite/osiris_nku/model-diffusion/code/src/bin/test.zsh diffusion ipa no_com 5 /home/ubuntu/doe-suite/osiris_nku/model-diffusion/code,no_com,diffusion,5,ipa,,5816.807676561s,"[5.513591044s, 5.870011287s, 5.817864647s, 5.986643682s, 5.785440418s]",34112,,[{'main': '/home/ubuntu/doe-suite/osiris_nku/model-diffusion/code/src/bin/test.zsh diffusion ipa no_com 5 /home/ubuntu/doe-suite/osiris_nku/model-diffusion/code'}],,
0,model-gpt2,1725465767,exp_kzg_poly,0,0,large,0,[],output.csv,/home/ubuntu/doe-suite/osiris_nku/model-gpt2/code/src/bin/test.zsh gpt2 kzg poly 5 /home/ubuntu/doe-suite/osiris_nku/model-gpt2/code,poly,gpt2,5,kzg,,5454.972039602s,"[18.322509754s, 18.269533428s, 18.28025107s, 18.292383449s, 18.286931882s]",15520,,[{'main': '/home/ubuntu/doe-suite/osiris_nku/model-gpt2/code/src/bin/test.zsh gpt2 kzg poly 5 /home/ubuntu/doe-suite/osiris_nku/model-gpt2/code'}],,
0,model-gpt2,1725465767,exp_ipa_poly,0,0,large,0,[],output.csv,/home/ubuntu/doe-suite/osiris_nku/model-gpt2/code/src/bin/test.zsh gpt2 ipa poly 5 /home/ubuntu/doe-suite/osiris_nku/model-gpt2/code,poly,gpt2,5,ipa,,6311.431663404s,"[9.942642858s, 8.052836574s, 7.674301803s, 8.177544264s, 8.406095789s]",19168,,[{'main': '/home/ubuntu/doe-suite/osiris_nku/model-gpt2/code/src/bin/test.zsh gpt2 ipa poly 5 /home/ubuntu/doe-suite/osiris_nku/model-gpt2/code'}],,
0,model-gpt2,1725465767,exp_kzg_cp_link_plus,0,0,large,0,[],output.csv,/home/ubuntu/doe-suite/osiris_nku/model-gpt2/code/src/bin/test.zsh gpt2 kzg cp_link+ 5 /home/ubuntu/doe-suite/osiris_nku/model-gpt2/code,cp_link+,gpt2,5,kzg,,5597.509115488s,"[18.527832125s, 18.411973656s, 18.429451914s, 18.573350212s, 18.383119062s]",15104,,[{'main': '/home/ubuntu/doe-suite/osiris_nku/model-gpt2/code/src/bin/test.zsh gpt2 kzg cp_link+ 5 /home/ubuntu/doe-suite/osiris_nku/model-gpt2/code'}],,
0,model-gpt2,1725465767,exp_kzg_no_com,0,0,large,0,[],output.csv,/home/ubuntu/doe-suite/osiris_nku/model-gpt2/code/src/bin/test.zsh gpt2 kzg no_com 5 /home/ubuntu/doe-suite/osiris_nku/model-gpt2/code,no_com,gpt2,5,kzg,,5055.611221853s,"[18.411801927s, 18.373655715s, 18.372218013s, 18.364874961s, 18.362253593s]",14688,,[{'main': '/home/ubuntu/doe-suite/osiris_nku/model-gpt2/code/src/bin/test.zsh gpt2 kzg no_com 5 /home/ubuntu/doe-suite/osiris_nku/model-gpt2/code'}],,
0,model-gpt2,1725465767,exp_ipa_no_com,0,0,large,0,[],output.csv,/home/ubuntu/doe-suite/osiris_nku/model-gpt2/code/src/bin/test.zsh gpt2 ipa no_com 5 /home/ubuntu/doe-suite/osiris_nku/model-gpt2/code,no_com,gpt2,5,ipa,,5139.596757189s,"[12.304433307s, 7.678443594s, 7.757232888s, 7.817402405s, 7.829201625s]",16512,,[{'main': '/home/ubuntu/doe-suite/osiris_nku/model-gpt2/code/src/bin/test.zsh gpt2 ipa no_com 5 /home/ubuntu/doe-suite/osiris_nku/model-gpt2/code'}],,
